task_id,client_id,start_index,end_index,compute_time_ms,communication_time_ms,total_time_ms,found_count,t1_utc,t4_utc
0_4999999,59d574e7,0,4999999,1245,24,1269,1,10:49:33,10:49:34
5000000_9999999,59d574e7,5000000,9999999,1165,3,1168,0,10:49:34,10:49:35
10000000_14999999,59d574e7,10000000,14999999,949,2,951,0,10:49:35,10:49:36
15000000_19999999,59d574e7,15000000,19999999,972,2,974,0,10:49:36,10:49:37
20000000_24999999,59d574e7,20000000,24999999,1124,27,1151,0,10:49:37,10:49:39
25000000_29999999,59d574e7,25000000,29999999,970,3,973,0,10:49:39,10:49:40
30000000_34999999,59d574e7,30000000,34999999,973,2,975,0,10:49:40,10:49:41
35000000_39999999,59d574e7,35000000,39999999,952,2,954,0,10:49:41,10:49:41
40000000_44999999,59d574e7,40000000,44999999,961,2,963,0,10:49:41,10:49:42
45000000_49999999,59d574e7,45000000,49999999,991,2,993,0,10:49:42,10:49:43
50000000_54999999,59d574e7,50000000,54999999,902,2,904,0,10:49:43,10:49:44
55000000_59999999,59d574e7,55000000,59999999,920,2,922,0,10:49:44,10:49:45
60000000_64999999,59d574e7,60000000,64999999,972,1,973,0,10:49:45,10:49:46
65000000_69999999,ef0a3fac,65000000,69999999,1418,3,1421,0,10:49:46,10:49:48
70000000_74999999,59d574e7,70000000,74999999,2032,5,2037,0,10:49:46,10:49:48
75000000_79999999,ef0a3fac,75000000,79999999,1354,6,1360,0,10:49:48,10:49:49
80000000_84999999,59d574e7,80000000,84999999,1938,29,1967,0,10:49:48,10:49:50
85000000_89999999,ef0a3fac,85000000,89999999,1533,3,1536,0,10:49:49,10:49:51
90000000_94999999,59d574e7,90000000,94999999,1631,3,1634,0,10:49:50,10:49:52
95000000_99999999,ef0a3fac,95000000,99999999,1821,40,1861,0,10:49:51,10:49:52
100000000_104999999,59d574e7,100000000,104999999,1816,25,1841,0,10:49:52,10:49:54
105000000_109999999,ef0a3fac,105000000,109999999,1793,21,1814,0,10:49:52,10:49:54
110000000_114999999,59d574e7,110000000,114999999,1552,26,1578,0,10:49:54,10:49:55
115000000_119999999,ef0a3fac,115000000,119999999,1725,7,1732,0,10:49:54,10:49:56
120000000_124999999,59d574e7,120000000,124999999,1659,6,1665,0,10:49:55,10:49:57
125000000_129999999,ef0a3fac,125000000,129999999,1937,28,1965,0,10:49:56,10:49:58
130000000_134999999,59d574e7,130000000,134999999,1646,6,1652,0,10:49:57,10:49:59
135000000_139999999,ef0a3fac,135000000,139999999,2137,6,2143,0,10:49:58,10:50:00
140000000_144999999,59d574e7,140000000,144999999,1836,6,1842,0,10:49:59,10:50:01
145000000_149999999,ef0a3fac,145000000,149999999,2140,33,2173,0,10:50:00,10:50:02
150000000_154999999,59d574e7,150000000,154999999,1832,8,1840,0,10:50:01,10:50:02
160000000_164999999,59d574e7,160000000,164999999,1879,4,1883,0,10:50:02,10:50:04
155000000_159999999,ef0a3fac,155000000,159999999,2162,2,2164,0,10:50:02,10:50:04
165000000_169999999,59d574e7,165000000,169999999,1779,3,1782,0,10:50:04,10:50:06
170000000_174999999,ef0a3fac,170000000,174999999,1924,7,1931,0,10:50:04,10:50:06
175000000_179999999,59d574e7,175000000,179999999,1754,31,1785,0,10:50:06,10:50:08
180000000_184999999,ef0a3fac,180000000,184999999,2051,7,2058,0,10:50:06,10:50:08
185000000_189999999,59d574e7,185000000,189999999,1675,7,1682,0,10:50:08,10:50:10
190000000_194999999,ef0a3fac,190000000,194999999,1925,6,1931,0,10:50:08,10:50:10
195000000_199999999,59d574e7,195000000,199999999,1586,7,1593,0,10:50:10,10:50:11
200000000_204999999,ef0a3fac,200000000,204999999,1916,24,1940,0,10:50:10,10:50:12
205000000_209999999,59d574e7,205000000,209999999,1640,1,1641,0,10:50:11,10:50:13
210000000_214999999,ef0a3fac,210000000,214999999,1984,7,1991,0,10:50:12,10:50:14
215000000_219999999,59d574e7,215000000,219999999,1664,35,1699,0,10:50:13,10:50:14
220000000_224999999,ef0a3fac,220000000,224999999,1425,0,1425,0,10:50:14,10:50:16
225000000_229999999,59d574e7,225000000,229999999,1969,4,1973,0,10:50:14,10:50:16
230000000_234999999,ef0a3fac,230000000,234999999,1544,5,1549,0,10:50:16,10:50:17
235000000_239999999,59d574e7,235000000,239999999,2092,4,2096,0,10:50:16,10:50:19
240000000_244999999,ef0a3fac,240000000,244999999,1425,7,1432,0,10:50:17,10:50:19
250000000_254999999,ef0a3fac,250000000,254999999,1444,4,1448,0,10:50:19,10:50:20
245000000_249999999,59d574e7,245000000,249999999,1915,2,1917,0,10:50:19,10:50:20
255000000_259999999,ef0a3fac,255000000,259999999,1854,2,1856,0,10:50:20,10:50:22
260000000_264999999,59d574e7,260000000,264999999,1796,3,1799,0,10:50:20,10:50:22
265000000_269999999,ef0a3fac,265000000,269999999,1775,3,1778,0,10:50:22,10:50:24
270000000_274999999,59d574e7,270000000,274999999,1640,11,1651,0,10:50:22,10:50:24
275000000_279999999,ef0a3fac,275000000,279999999,1693,1,1694,0,10:50:24,10:50:26
280000000_284999999,59d574e7,280000000,284999999,1723,28,1751,0,10:50:24,10:50:26
285000000_289999999,ef0a3fac,285000000,289999999,1734,6,1740,0,10:50:26,10:50:27
290000000_294999999,59d574e7,290000000,294999999,1769,39,1808,0,10:50:26,10:50:27
295000000_299999999,ef0a3fac,295000000,299999999,1859,5,1864,0,10:50:27,10:50:29
300000000_304999999,59d574e7,300000000,304999999,1738,1,1739,0,10:50:27,10:50:29
305000000_309999999,ef0a3fac,305000000,309999999,1768,2,1770,0,10:50:29,10:50:31
310000000_314999999,59d574e7,310000000,314999999,1747,3,1750,0,10:50:29,10:50:31
320000000_324999999,59d574e7,320000000,324999999,1776,3,1779,0,10:50:31,10:50:33
315000000_319999999,ef0a3fac,315000000,319999999,1826,2,1828,0,10:50:31,10:50:33
325000000_329999999,59d574e7,325000000,329999999,1703,2,1705,0,10:50:33,10:50:35
330000000_334999999,ef0a3fac,330000000,334999999,1753,4,1757,0,10:50:33,10:50:35
335000000_339999999,59d574e7,335000000,339999999,1772,1,1773,0,10:50:35,10:50:36
340000000_344999999,ef0a3fac,340000000,344999999,1831,28,1859,0,10:50:35,10:50:36
345000000_349999999,59d574e7,345000000,349999999,1648,4,1652,0,10:50:36,10:50:38
350000000_354999999,ef0a3fac,350000000,354999999,1811,34,1845,0,10:50:37,10:50:38
355000000_359999999,59d574e7,355000000,359999999,1779,8,1787,0,10:50:38,10:50:40
360000000_364999999,ef0a3fac,360000000,364999999,1757,24,1781,0,10:50:38,10:50:40
365000000_369999999,59d574e7,365000000,369999999,1689,5,1694,0,10:50:40,10:50:41
370000000_374999999,ef0a3fac,370000000,374999999,1748,35,1783,0,10:50:40,10:50:42
375000000_379999999,59d574e7,375000000,379999999,1709,31,1740,0,10:50:41,10:50:43
380000000_384999999,ef0a3fac,380000000,384999999,1878,39,1917,0,10:50:42,10:50:44
385000000_389999999,59d574e7,385000000,389999999,1645,13,1658,0,10:50:43,10:50:45
390000000_394999999,ef0a3fac,390000000,394999999,1786,3,1789,0,10:50:44,10:50:46
395000000_399999999,59d574e7,395000000,399999999,1569,5,1574,0,10:50:45,10:50:46
400000000_404999999,ef0a3fac,400000000,404999999,1676,3,1679,0,10:50:46,10:50:47
405000000_409999999,59d574e7,405000000,409999999,1668,4,1672,0,10:50:46,10:50:48
410000000_414999999,ef0a3fac,410000000,414999999,1836,2,1838,0,10:50:47,10:50:49
415000000_419999999,59d574e7,415000000,419999999,1587,4,1591,0,10:50:48,10:50:50
420000000_424999999,ef0a3fac,420000000,424999999,1728,29,1757,0,10:50:49,10:50:51
425000000_429999999,59d574e7,425000000,429999999,1575,6,1581,0,10:50:50,10:50:51
430000000_434999999,ef0a3fac,430000000,434999999,1786,3,1789,0,10:50:51,10:50:53
435000000_439999999,59d574e7,435000000,439999999,1829,1,1830,0,10:50:51,10:50:53
440000000_444999999,ef0a3fac,440000000,444999999,2008,34,2042,0,10:50:53,10:50:55
445000000_449999999,59d574e7,445000000,449999999,1718,0,1718,0,10:50:53,10:50:55
455000000_459999999,59d574e7,455000000,459999999,1573,3,1576,0,10:50:55,10:50:56
450000000_454999999,ef0a3fac,450000000,454999999,1702,3,1705,0,10:50:55,10:50:57
460000000_464999999,59d574e7,460000000,464999999,1634,1,1635,0,10:50:56,10:50:58
465000000_469999999,ef0a3fac,465000000,469999999,1755,3,1758,0,10:50:57,10:50:58
470000000_474999999,59d574e7,470000000,474999999,1733,4,1737,0,10:50:58,10:51:00
475000000_479999999,ef0a3fac,475000000,479999999,1675,0,1675,0,10:50:58,10:51:00
480000000_484999999,59d574e7,480000000,484999999,1826,3,1829,0,10:51:00,10:51:02
485000000_489999999,ef0a3fac,485000000,489999999,1685,4,1689,0,10:51:00,10:51:02
490000000_494999999,59d574e7,490000000,494999999,1774,1,1775,0,10:51:02,10:51:03
495000000_499999999,ef0a3fac,495000000,499999999,1895,6,1901,0,10:51:02,10:51:04
500000000_504999999,59d574e7,500000000,504999999,1746,4,1750,0,10:51:03,10:51:05
505000000_509999999,ef0a3fac,505000000,509999999,1843,37,1880,0,10:51:04,10:51:06
510000000_514999999,59d574e7,510000000,514999999,1772,3,1775,0,10:51:05,10:51:07
515000000_519999999,ef0a3fac,515000000,519999999,1997,3,2000,0,10:51:06,10:51:08
520000000_524999999,59d574e7,520000000,524999999,2012,2,2014,0,10:51:07,10:51:09
525000000_529999999,ef0a3fac,525000000,529999999,2117,31,2148,0,10:51:08,10:51:10
530000000_534999999,59d574e7,530000000,534999999,1741,9,1750,0,10:51:09,10:51:11
535000000_539999999,ef0a3fac,535000000,539999999,1727,3,1730,0,10:51:10,10:51:11
540000000_544999999,59d574e7,540000000,544999999,1717,7,1724,0,10:51:11,10:51:12
545000000_549999999,ef0a3fac,545000000,549999999,2228,1,2229,0,10:51:11,10:51:14
550000000_554999999,59d574e7,550000000,554999999,1954,28,1982,0,10:51:12,10:51:14
555000000_559999999,ef0a3fac,555000000,559999999,1709,8,1717,0,10:51:14,10:51:15
560000000_564999999,59d574e7,560000000,564999999,1546,4,1550,0,10:51:14,10:51:16
565000000_569999999,ef0a3fac,565000000,569999999,1631,29,1660,0,10:51:15,10:51:17
570000000_574999999,59d574e7,570000000,574999999,1534,4,1538,0,10:51:16,10:51:18
575000000_579999999,ef0a3fac,575000000,579999999,1672,32,1704,0,10:51:17,10:51:19
580000000_584999999,59d574e7,580000000,584999999,1584,5,1589,0,10:51:18,10:51:19
585000000_589999999,ef0a3fac,585000000,589999999,1631,34,1665,0,10:51:19,10:51:20
590000000_594999999,59d574e7,590000000,594999999,1516,34,1550,0,10:51:19,10:51:21
595000000_599999999,ef0a3fac,595000000,599999999,1571,3,1574,0,10:51:20,10:51:22
600000000_604999999,59d574e7,600000000,604999999,1526,5,1531,0,10:51:21,10:51:22
605000000_609999999,ef0a3fac,605000000,609999999,1801,31,1832,0,10:51:22,10:51:24
610000000_614999999,59d574e7,610000000,614999999,1666,5,1671,0,10:51:22,10:51:24
615000000_619999999,ef0a3fac,615000000,619999999,1579,3,1582,0,10:51:24,10:51:25
620000000_624999999,59d574e7,620000000,624999999,1531,2,1533,0,10:51:24,10:51:26
625000000_629999999,ef0a3fac,625000000,629999999,1590,2,1592,0,10:51:25,10:51:27
630000000_634999999,59d574e7,630000000,634999999,1543,4,1547,0,10:51:26,10:51:27
635000000_639999999,ef0a3fac,635000000,639999999,1694,0,1694,0,10:51:27,10:51:29
640000000_644999999,59d574e7,640000000,644999999,1656,23,1679,0,10:51:27,10:51:29
650000000_654999999,59d574e7,650000000,654999999,1683,13,1696,0,10:51:29,10:51:30
645000000_649999999,ef0a3fac,645000000,649999999,1861,35,1896,0,10:51:29,10:51:31
655000000_659999999,59d574e7,655000000,659999999,1590,5,1595,0,10:51:30,10:51:32
660000000_664999999,ef0a3fac,660000000,664999999,1668,2,1670,0,10:51:31,10:51:32
665000000_669999999,59d574e7,665000000,669999999,1538,1,1539,0,10:51:32,10:51:34
670000000_674999999,ef0a3fac,670000000,674999999,1645,37,1682,0,10:51:32,10:51:34
675000000_679999999,59d574e7,675000000,679999999,1457,3,1460,0,10:51:34,10:51:35
680000000_684999999,ef0a3fac,680000000,684999999,1645,2,1647,0,10:51:34,10:51:36
685000000_689999999,59d574e7,685000000,689999999,1518,4,1522,0,10:51:35,10:51:37
690000000_694999999,ef0a3fac,690000000,694999999,1589,25,1614,0,10:51:36,10:51:37
695000000_699999999,59d574e7,695000000,699999999,1607,6,1613,0,10:51:37,10:51:38
700000000_704999999,ef0a3fac,700000000,704999999,1653,30,1683,0,10:51:37,10:51:39
705000000_709999999,59d574e7,705000000,709999999,1482,7,1489,0,10:51:38,10:51:40
710000000_714999999,ef0a3fac,710000000,714999999,1616,3,1619,0,10:51:39,10:51:41
715000000_719999999,59d574e7,715000000,719999999,1446,1,1447,0,10:51:40,10:51:41
720000000_724999999,ef0a3fac,720000000,724999999,1549,4,1553,0,10:51:41,10:51:42
725000000_729999999,59d574e7,725000000,729999999,1475,3,1478,0,10:51:41,10:51:43
730000000_734999999,ef0a3fac,730000000,734999999,1708,2,1710,0,10:51:42,10:51:44
735000000_739999999,59d574e7,735000000,739999999,1539,2,1541,0,10:51:43,10:51:44
740000000_744999999,ef0a3fac,740000000,744999999,1561,5,1566,0,10:51:44,10:51:45
745000000_749999999,59d574e7,745000000,749999999,1571,35,1606,0,10:51:44,10:51:46
750000000_754999999,ef0a3fac,750000000,754999999,1614,6,1620,0,10:51:45,10:51:47
755000000_759999999,59d574e7,755000000,759999999,1534,2,1536,0,10:51:46,10:51:47
760000000_764999999,ef0a3fac,760000000,764999999,1708,29,1737,0,10:51:47,10:51:49
765000000_769999999,59d574e7,765000000,769999999,1612,3,1615,0,10:51:47,10:51:49
770000000_774999999,ef0a3fac,770000000,774999999,1641,27,1668,0,10:51:49,10:51:50
775000000_779999999,59d574e7,775000000,779999999,1572,3,1575,0,10:51:49,10:51:51
780000000_784999999,ef0a3fac,780000000,784999999,1723,29,1752,0,10:51:50,10:51:52
785000000_789999999,59d574e7,785000000,789999999,1685,3,1688,0,10:51:51,10:51:52
790000000_794999999,ef0a3fac,790000000,794999999,1604,0,1604,0,10:51:52,10:51:54
795000000_799999999,59d574e7,795000000,799999999,1569,40,1609,0,10:51:52,10:51:54
805000000_809999999,59d574e7,805000000,809999999,1528,3,1531,0,10:51:54,10:51:55
800000000_804999999,ef0a3fac,800000000,804999999,1604,2,1606,0,10:51:54,10:51:55
810000000_814999999,59d574e7,810000000,814999999,1663,1,1664,0,10:51:55,10:51:57
815000000_819999999,ef0a3fac,815000000,819999999,1756,2,1758,0,10:51:55,10:51:57
820000000_824999999,59d574e7,820000000,824999999,1563,1,1564,0,10:51:57,10:51:59
825000000_829999999,ef0a3fac,825000000,829999999,1679,29,1708,0,10:51:57,10:51:59
830000000_834999999,59d574e7,830000000,834999999,1489,0,1489,0,10:51:59,10:52:00
835000000_839999999,ef0a3fac,835000000,839999999,1654,2,1656,0,10:51:59,10:52:01
840000000_844999999,59d574e7,840000000,844999999,1725,29,1754,0,10:52:00,10:52:02
845000000_849999999,ef0a3fac,845000000,849999999,1847,8,1855,0,10:52:01,10:52:02
850000000_854999999,59d574e7,850000000,854999999,1557,2,1559,0,10:52:02,10:52:04
855000000_859999999,ef0a3fac,855000000,859999999,1859,3,1862,0,10:52:02,10:52:04
860000000_864999999,59d574e7,860000000,864999999,1775,5,1780,0,10:52:04,10:52:05
865000000_869999999,ef0a3fac,865000000,869999999,2081,3,2084,0,10:52:04,10:52:06
870000000_874999999,59d574e7,870000000,874999999,1686,24,1710,0,10:52:05,10:52:07
875000000_879999999,ef0a3fac,875000000,879999999,1858,6,1864,0,10:52:06,10:52:08
880000000_884999999,59d574e7,880000000,884999999,1625,5,1630,0,10:52:07,10:52:09
885000000_889999999,ef0a3fac,885000000,889999999,1773,4,1777,0,10:52:08,10:52:10
890000000_894999999,59d574e7,890000000,894999999,1657,4,1661,0,10:52:09,10:52:10
895000000_899999999,ef0a3fac,895000000,899999999,2003,28,2031,0,10:52:10,10:52:12
900000000_904999999,59d574e7,900000000,904999999,1834,23,1857,0,10:52:10,10:52:12
910000000_914999999,59d574e7,910000000,914999999,1835,5,1840,0,10:52:12,10:52:14
905000000_909999999,ef0a3fac,905000000,909999999,2039,2,2041,0,10:52:12,10:52:14
915000000_919999999,59d574e7,915000000,919999999,1846,27,1873,0,10:52:14,10:52:16
920000000_924999999,ef0a3fac,920000000,924999999,2046,28,2074,0,10:52:14,10:52:16
925000000_929999999,59d574e7,925000000,929999999,1751,1,1752,0,10:52:16,10:52:18
930000000_934999999,ef0a3fac,930000000,934999999,1944,4,1948,0,10:52:16,10:52:18
935000000_939999999,59d574e7,935000000,939999999,1663,3,1666,0,10:52:18,10:52:19
940000000_944999999,ef0a3fac,940000000,944999999,1872,24,1896,0,10:52:18,10:52:20
945000000_949999999,59d574e7,945000000,949999999,1692,2,1694,0,10:52:19,10:52:21
950000000_954999999,ef0a3fac,950000000,954999999,1852,5,1857,0,10:52:20,10:52:22
955000000_959999999,59d574e7,955000000,959999999,1698,3,1701,0,10:52:21,10:52:23
960000000_964999999,ef0a3fac,960000000,964999999,1804,3,1807,0,10:52:22,10:52:24
965000000_969999999,59d574e7,965000000,969999999,1642,6,1648,0,10:52:23,10:52:24
970000000_974999999,ef0a3fac,970000000,974999999,1741,1,1742,0,10:52:24,10:52:26
975000000_979999999,59d574e7,975000000,979999999,1569,1,1570,0,10:52:24,10:52:26
980000000_984999999,ef0a3fac,980000000,984999999,1902,4,1906,0,10:52:26,10:52:27
985000000_989999999,59d574e7,985000000,989999999,1687,3,1690,0,10:52:26,10:52:28
990000000_994999999,ef0a3fac,990000000,994999999,1748,1,1749,0,10:52:27,10:52:29
995000000_999999999,59d574e7,995000000,999999999,1603,3,1606,0,10:52:28,10:52:29
1005000000_1009999999,59d574e7,1005000000,1009999999,1716,2,1718,0,10:52:29,10:52:31
1000000000_1004999999,ef0a3fac,1000000000,1004999999,1832,1,1833,0,10:52:29,10:52:31
1010000000_1014999999,59d574e7,1010000000,1014999999,1683,4,1687,0,10:52:31,10:52:33
1015000000_1019999999,ef0a3fac,1015000000,1019999999,1757,4,1761,0,10:52:31,10:52:33
1020000000_1024999999,59d574e7,1020000000,1024999999,2048,26,2074,0,10:52:33,10:52:35
1025000000_1029999999,ef0a3fac,1025000000,1029999999,2307,0,2307,0,10:52:33,10:52:35
1030000000_1034999999,59d574e7,1030000000,1034999999,1906,2,1908,0,10:52:35,10:52:37
1035000000_1039999999,ef0a3fac,1035000000,1039999999,2105,3,2108,0,10:52:35,10:52:37
1040000000_1044999999,59d574e7,1040000000,1044999999,1582,34,1616,0,10:52:37,10:52:38
1045000000_1049999999,ef0a3fac,1045000000,1049999999,1783,31,1814,0,10:52:37,10:52:39
1050000000_1054999999,59d574e7,1050000000,1054999999,1635,1,1636,0,10:52:38,10:52:40
1055000000_1059999999,ef0a3fac,1055000000,1059999999,1771,8,1779,0,10:52:39,10:52:41
1060000000_1064999999,59d574e7,1060000000,1064999999,1698,6,1704,0,10:52:40,10:52:42
1065000000_1069999999,ef0a3fac,1065000000,1069999999,1911,4,1915,0,10:52:41,10:52:43
1070000000_1074999999,59d574e7,1070000000,1074999999,1611,5,1616,0,10:52:42,10:52:43
1075000000_1079999999,ef0a3fac,1075000000,1079999999,1776,3,1779,0,10:52:43,10:52:45
1080000000_1084999999,59d574e7,1080000000,1084999999,1642,9,1651,0,10:52:43,10:52:45
1085000000_1089999999,ef0a3fac,1085000000,1089999999,1742,4,1746,0,10:52:45,10:52:46
1090000000_1094999999,59d574e7,1090000000,1094999999,1686,5,1691,0,10:52:45,10:52:47
1095000000_1099999999,ef0a3fac,1095000000,1099999999,1824,2,1826,0,10:52:46,10:52:48
1100000000_1104999999,59d574e7,1100000000,1104999999,1766,3,1769,0,10:52:47,10:52:48
1105000000_1109999999,ef0a3fac,1105000000,1109999999,1747,5,1752,0,10:52:48,10:52:50
1110000000_1114999999,59d574e7,1110000000,1114999999,1637,6,1643,0,10:52:48,10:52:50
1115000000_1119999999,ef0a3fac,1115000000,1119999999,1853,1,1854,0,10:52:50,10:52:52
1120000000_1124999999,59d574e7,1120000000,1124999999,1783,4,1787,0,10:52:50,10:52:52
1130000000_1134999999,59d574e7,1130000000,1134999999,1693,1,1694,0,10:52:52,10:52:54
1125000000_1129999999,ef0a3fac,1125000000,1129999999,1783,13,1796,0,10:52:52,10:52:54
1135000000_1139999999,59d574e7,1135000000,1139999999,1658,1,1659,0,10:52:54,10:52:55
1140000000_1144999999,ef0a3fac,1140000000,1144999999,1808,4,1812,0,10:52:54,10:52:55
1145000000_1149999999,59d574e7,1145000000,1149999999,1668,2,1670,0,10:52:55,10:52:57
1150000000_1154999999,ef0a3fac,1150000000,1154999999,1951,3,1954,0,10:52:55,10:52:57
1155000000_1159999999,59d574e7,1155000000,1159999999,1626,1,1627,0,10:52:57,10:52:59
1160000000_1164999999,ef0a3fac,1160000000,1164999999,1654,4,1658,0,10:52:57,10:52:59
1165000000_1169999999,59d574e7,1165000000,1169999999,1503,4,1507,0,10:52:59,10:53:00
1170000000_1174999999,ef0a3fac,1170000000,1174999999,1686,1,1687,0,10:52:59,10:53:01
1175000000_1179999999,59d574e7,1175000000,1179999999,1548,6,1554,0,10:53:00,10:53:02
1180000000_1184999999,ef0a3fac,1180000000,1184999999,1763,2,1765,0,10:53:01,10:53:03
1185000000_1189999999,59d574e7,1185000000,1189999999,1624,3,1627,0,10:53:02,10:53:03
1190000000_1194999999,ef0a3fac,1190000000,1194999999,1642,3,1645,0,10:53:03,10:53:04
1195000000_1199999999,59d574e7,1195000000,1199999999,1410,7,1417,0,10:53:03,10:53:05
1200000000_1204999999,ef0a3fac,1200000000,1204999999,1677,32,1709,0,10:53:04,10:53:06
1205000000_1209999999,59d574e7,1205000000,1209999999,1550,3,1553,0,10:53:05,10:53:06
1210000000_1214999999,ef0a3fac,1210000000,1214999999,1720,33,1753,0,10:53:06,10:53:08
1215000000_1219999999,59d574e7,1215000000,1219999999,1622,3,1625,0,10:53:06,10:53:08
1220000000_1224999999,ef0a3fac,1220000000,1224999999,1577,1,1578,0,10:53:08,10:53:09
1225000000_1229999999,59d574e7,1225000000,1229999999,1470,35,1505,0,10:53:08,10:53:09
1230000000_1234999999,ef0a3fac,1230000000,1234999999,1750,2,1752,0,10:53:09,10:53:11
1235000000_1239999999,59d574e7,1235000000,1239999999,1678,32,1710,0,10:53:09,10:53:11
1240000000_1244999999,ef0a3fac,1240000000,1244999999,1698,2,1700,0,10:53:11,10:53:13
1245000000_1249999999,59d574e7,1245000000,1249999999,1617,3,1620,0,10:53:11,10:53:13
1255000000_1259999999,59d574e7,1255000000,1259999999,1522,0,1522,0,10:53:13,10:53:14
1250000000_1254999999,ef0a3fac,1250000000,1254999999,1645,2,1647,0,10:53:13,10:53:14
1260000000_1264999999,59d574e7,1260000000,1264999999,1425,3,1428,0,10:53:14,10:53:16
1265000000_1269999999,ef0a3fac,1265000000,1269999999,1650,36,1686,0,10:53:14,10:53:16
1270000000_1274999999,59d574e7,1270000000,1274999999,1549,3,1552,0,10:53:16,10:53:17
1275000000_1279999999,ef0a3fac,1275000000,1279999999,1861,36,1897,0,10:53:16,10:53:18
1280000000_1284999999,59d574e7,1280000000,1284999999,1524,1,1525,0,10:53:17,10:53:19
1285000000_1289999999,ef0a3fac,1285000000,1289999999,1747,1,1748,0,10:53:18,10:53:20
1290000000_1294999999,59d574e7,1290000000,1294999999,1520,1,1521,0,10:53:19,10:53:20
1295000000_1299999999,ef0a3fac,1295000000,1299999999,1932,39,1971,0,10:53:20,10:53:22
1300000000_1304999999,59d574e7,1300000000,1304999999,1675,1,1676,0,10:53:20,10:53:22
1305000000_1309999999,ef0a3fac,1305000000,1309999999,1684,1,1685,0,10:53:22,10:53:23
1310000000_1314999999,59d574e7,1310000000,1314999999,1521,1,1522,0,10:53:22,10:53:24
1320000000_1324999999,59d574e7,1320000000,1324999999,1534,7,1541,0,10:53:24,10:53:25
1315000000_1319999999,ef0a3fac,1315000000,1319999999,1694,2,1696,0,10:53:23,10:53:25
1325000000_1329999999,59d574e7,1325000000,1329999999,1630,1,1631,0,10:53:25,10:53:27
1330000000_1334999999,ef0a3fac,1330000000,1334999999,1848,7,1855,0,10:53:25,10:53:27
1335000000_1339999999,59d574e7,1335000000,1339999999,1545,3,1548,0,10:53:27,10:53:28
1340000000_1344999999,ef0a3fac,1340000000,1344999999,1748,2,1750,0,10:53:27,10:53:29
1345000000_1349999999,59d574e7,1345000000,1349999999,1427,1,1428,0,10:53:28,10:53:30
1350000000_1354999999,ef0a3fac,1350000000,1354999999,1710,5,1715,0,10:53:29,10:53:30
1355000000_1359999999,59d574e7,1355000000,1359999999,1557,31,1588,0,10:53:30,10:53:31
1360000000_1364999999,ef0a3fac,1360000000,1364999999,1786,4,1790,0,10:53:30,10:53:32
1365000000_1369999999,59d574e7,1365000000,1369999999,1520,5,1525,0,10:53:31,10:53:33
1370000000_1374999999,ef0a3fac,1370000000,1374999999,1606,4,1610,0,10:53:32,10:53:34
1375000000_1379999999,59d574e7,1375000000,1379999999,1488,3,1491,0,10:53:33,10:53:34
1380000000_1384999999,ef0a3fac,1380000000,1384999999,1750,6,1756,0,10:53:34,10:53:36
1385000000_1389999999,59d574e7,1385000000,1389999999,1570,1,1571,0,10:53:34,10:53:36
1390000000_1394999999,ef0a3fac,1390000000,1394999999,1598,3,1601,0,10:53:36,10:53:37
1395000000_1399999999,59d574e7,1395000000,1399999999,1484,2,1486,0,10:53:36,10:53:37
1400000000_1404999999,ef0a3fac,1400000000,1404999999,1690,2,1692,0,10:53:37,10:53:39
1405000000_1409999999,59d574e7,1405000000,1409999999,1552,2,1554,0,10:53:37,10:53:39
1410000000_1414999999,ef0a3fac,1410000000,1414999999,1581,2,1583,0,10:53:39,10:53:40
1415000000_1419999999,59d574e7,1415000000,1419999999,1511,41,1552,0,10:53:39,10:53:41
1425000000_1429999999,59d574e7,1425000000,1429999999,1479,2,1481,0,10:53:41,10:53:42
1420000000_1424999999,ef0a3fac,1420000000,1424999999,1644,2,1646,0,10:53:40,10:53:42
1430000000_1434999999,59d574e7,1430000000,1434999999,1560,4,1564,0,10:53:42,10:53:44
1435000000_1439999999,ef0a3fac,1435000000,1439999999,1779,6,1785,0,10:53:42,10:53:44
1440000000_1444999999,59d574e7,1440000000,1444999999,1587,4,1591,0,10:53:44,10:53:45
1445000000_1449999999,ef0a3fac,1445000000,1449999999,1760,6,1766,0,10:53:44,10:53:46
1450000000_1454999999,59d574e7,1450000000,1454999999,1548,1,1549,0,10:53:45,10:53:47
1455000000_1459999999,ef0a3fac,1455000000,1459999999,1748,6,1754,0,10:53:46,10:53:47
1460000000_1464999999,59d574e7,1460000000,1464999999,1470,3,1473,0,10:53:47,10:53:48
1465000000_1469999999,ef0a3fac,1465000000,1469999999,1685,3,1688,0,10:53:47,10:53:49
1470000000_1474999999,59d574e7,1470000000,1474999999,1445,3,1448,0,10:53:48,10:53:50
1475000000_1479999999,ef0a3fac,1475000000,1479999999,1733,3,1736,0,10:53:49,10:53:51
1480000000_1484999999,59d574e7,1480000000,1484999999,1615,29,1644,0,10:53:50,10:53:51
1485000000_1489999999,ef0a3fac,1485000000,1489999999,1590,3,1593,0,10:53:51,10:53:53
1490000000_1494999999,59d574e7,1490000000,1494999999,1482,2,1484,0,10:53:51,10:53:53
1495000000_1499999999,ef0a3fac,1495000000,1499999999,1588,24,1612,0,10:53:53,10:53:54
1500000000_1504999999,59d574e7,1500000000,1504999999,1469,8,1477,0,10:53:53,10:53:54
1505000000_1509999999,ef0a3fac,1505000000,1509999999,1669,2,1671,0,10:53:54,10:53:56
1510000000_1514999999,59d574e7,1510000000,1514999999,1564,3,1567,0,10:53:54,10:53:56
1515000000_1519999999,ef0a3fac,1515000000,1519999999,1549,2,1551,0,10:53:56,10:53:57
1520000000_1524999999,59d574e7,1520000000,1524999999,1491,5,1496,0,10:53:56,10:53:57
1530000000_1534999999,59d574e7,1530000000,1534999999,1505,1,1506,0,10:53:57,10:53:59
1525000000_1529999999,ef0a3fac,1525000000,1529999999,1602,1,1603,0,10:53:57,10:53:59
1535000000_1539999999,59d574e7,1535000000,1539999999,1506,2,1508,0,10:53:59,10:54:00
1540000000_1544999999,ef0a3fac,1540000000,1544999999,1627,38,1665,0,10:53:59,10:54:01
1545000000_1549999999,59d574e7,1545000000,1549999999,1597,33,1630,0,10:54:00,10:54:02
1550000000_1554999999,ef0a3fac,1550000000,1554999999,1681,4,1685,0,10:54:01,10:54:02
1555000000_1559999999,59d574e7,1555000000,1559999999,1476,3,1479,0,10:54:02,10:54:04
1560000000_1564999999,ef0a3fac,1560000000,1564999999,1554,5,1559,0,10:54:02,10:54:04
1565000000_1569999999,59d574e7,1565000000,1569999999,1545,5,1550,0,10:54:04,10:54:05
1570000000_1574999999,ef0a3fac,1570000000,1574999999,1867,35,1902,0,10:54:04,10:54:06
1575000000_1579999999,59d574e7,1575000000,1579999999,1687,5,1692,0,10:54:05,10:54:07
1580000000_1584999999,ef0a3fac,1580000000,1584999999,1733,4,1737,0,10:54:06,10:54:08
1585000000_1589999999,59d574e7,1585000000,1589999999,1530,4,1534,0,10:54:07,10:54:08
1590000000_1594999999,ef0a3fac,1590000000,1594999999,1705,2,1707,0,10:54:08,10:54:09
1595000000_1599999999,59d574e7,1595000000,1599999999,1551,1,1552,0,10:54:08,10:54:10
1600000000_1604999999,ef0a3fac,1600000000,1604999999,1949,2,1951,0,10:54:09,10:54:11
1605000000_1609999999,59d574e7,1605000000,1609999999,1655,4,1659,0,10:54:10,10:54:12
1610000000_1614999999,ef0a3fac,1610000000,1614999999,1732,32,1764,0,10:54:11,10:54:13
1615000000_1619999999,59d574e7,1615000000,1619999999,1611,6,1617,0,10:54:12,10:54:13
1620000000_1624999999,ef0a3fac,1620000000,1624999999,1635,3,1638,0,10:54:13,10:54:15
1625000000_1629999999,59d574e7,1625000000,1629999999,1543,3,1546,0,10:54:13,10:54:15
1630000000_1634999999,ef0a3fac,1630000000,1634999999,1724,5,1729,0,10:54:15,10:54:16
1635000000_1639999999,59d574e7,1635000000,1639999999,1652,5,1657,0,10:54:15,10:54:16
1645000000_1649999999,59d574e7,1645000000,1649999999,1514,1,1515,0,10:54:16,10:54:18
1640000000_1644999999,ef0a3fac,1640000000,1644999999,1615,1,1616,0,10:54:16,10:54:18
1650000000_1654999999,59d574e7,1650000000,1654999999,1526,1,1527,0,10:54:18,10:54:20
1655000000_1659999999,ef0a3fac,1655000000,1659999999,1682,4,1686,0,10:54:18,10:54:20
1660000000_1664999999,59d574e7,1660000000,1664999999,1671,1,1672,0,10:54:20,10:54:21
1665000000_1669999999,ef0a3fac,1665000000,1669999999,1824,3,1827,0,10:54:20,10:54:22
1670000000_1674999999,59d574e7,1670000000,1674999999,1603,3,1606,0,10:54:21,10:54:23
1675000000_1679999999,ef0a3fac,1675000000,1679999999,1821,3,1824,0,10:54:22,10:54:23
1680000000_1684999999,59d574e7,1680000000,1684999999,1727,3,1730,0,10:54:23,10:54:25
1685000000_1689999999,ef0a3fac,1685000000,1689999999,1963,32,1995,0,10:54:23,10:54:25
1690000000_1694999999,59d574e7,1690000000,1694999999,1819,27,1846,0,10:54:25,10:54:26
1695000000_1699999999,ef0a3fac,1695000000,1699999999,1868,4,1872,0,10:54:25,10:54:27
1700000000_1704999999,59d574e7,1700000000,1704999999,1824,2,1826,0,10:54:26,10:54:28
1705000000_1709999999,ef0a3fac,1705000000,1709999999,1913,16,1929,0,10:54:27,10:54:29
1710000000_1714999999,59d574e7,1710000000,1714999999,1791,4,1795,0,10:54:28,10:54:30
1715000000_1719999999,ef0a3fac,1715000000,1719999999,1909,1,1910,0,10:54:29,10:54:31
1720000000_1724999999,59d574e7,1720000000,1724999999,1562,7,1569,0,10:54:30,10:54:32
1725000000_1729999999,ef0a3fac,1725000000,1729999999,1820,3,1823,0,10:54:31,10:54:33
1730000000_1734999999,59d574e7,1730000000,1734999999,1504,3,1507,0,10:54:32,10:54:33
1735000000_1739999999,ef0a3fac,1735000000,1739999999,1612,3,1615,0,10:54:33,10:54:35
1740000000_1744999999,59d574e7,1740000000,1744999999,1501,3,1504,0,10:54:33,10:54:35
1745000000_1749999999,ef0a3fac,1745000000,1749999999,1723,2,1725,0,10:54:35,10:54:36
1750000000_1754999999,59d574e7,1750000000,1754999999,1625,1,1626,0,10:54:35,10:54:36
1760000000_1764999999,59d574e7,1760000000,1764999999,1523,0,1523,0,10:54:36,10:54:38
1755000000_1759999999,ef0a3fac,1755000000,1759999999,1648,2,1650,0,10:54:36,10:54:38
1765000000_1769999999,59d574e7,1765000000,1769999999,1536,2,1538,0,10:54:38,10:54:39
1770000000_1774999999,ef0a3fac,1770000000,1774999999,1649,1,1650,0,10:54:38,10:54:40
1775000000_1779999999,59d574e7,1775000000,1779999999,1480,4,1484,0,10:54:39,10:54:41
1780000000_1784999999,ef0a3fac,1780000000,1784999999,1630,1,1631,0,10:54:40,10:54:41
1785000000_1789999999,59d574e7,1785000000,1789999999,1640,3,1643,0,10:54:41,10:54:43
1790000000_1794999999,ef0a3fac,1790000000,1794999999,1735,4,1739,0,10:54:41,10:54:43
1795000000_1799999999,59d574e7,1795000000,1799999999,1467,5,1472,0,10:54:43,10:54:44
1800000000_1804999999,ef0a3fac,1800000000,1804999999,1620,3,1623,0,10:54:43,10:54:45
1805000000_1809999999,59d574e7,1805000000,1809999999,1544,1,1545,0,10:54:44,10:54:46
1810000000_1814999999,ef0a3fac,1810000000,1814999999,1856,3,1859,0,10:54:45,10:54:47
1815000000_1819999999,59d574e7,1815000000,1819999999,1621,4,1625,0,10:54:46,10:54:47
1820000000_1824999999,ef0a3fac,1820000000,1824999999,1669,1,1670,0,10:54:47,10:54:48
1825000000_1829999999,59d574e7,1825000000,1829999999,1451,1,1452,0,10:54:47,10:54:49
1830000000_1834999999,ef0a3fac,1830000000,1834999999,1617,4,1621,0,10:54:48,10:54:50
1835000000_1839999999,59d574e7,1835000000,1839999999,1469,36,1505,0,10:54:49,10:54:50
1840000000_1844999999,ef0a3fac,1840000000,1844999999,1761,5,1766,0,10:54:50,10:54:52
1845000000_1849999999,59d574e7,1845000000,1849999999,1577,4,1581,0,10:54:50,10:54:52
1850000000_1854999999,ef0a3fac,1850000000,1854999999,1580,3,1583,0,10:54:52,10:54:53
1855000000_1859999999,59d574e7,1855000000,1859999999,1445,3,1448,0,10:54:52,10:54:53
1865000000_1869999999,59d574e7,1865000000,1869999999,1461,3,1464,0,10:54:53,10:54:55
1860000000_1864999999,ef0a3fac,1860000000,1864999999,1613,2,1615,0,10:54:53,10:54:55
1870000000_1874999999,59d574e7,1870000000,1874999999,1609,1,1610,0,10:54:55,10:54:56
1875000000_1879999999,ef0a3fac,1875000000,1879999999,1804,6,1810,0,10:54:55,10:54:57
1880000000_1884999999,59d574e7,1880000000,1884999999,1565,3,1568,0,10:54:56,10:54:58
1885000000_1889999999,ef0a3fac,1885000000,1889999999,1720,6,1726,0,10:54:57,10:54:58
1890000000_1894999999,59d574e7,1890000000,1894999999,1515,4,1519,0,10:54:58,10:54:59
1895000000_1899999999,ef0a3fac,1895000000,1899999999,1653,1,1654,0,10:54:58,10:55:00
1900000000_1904999999,59d574e7,1900000000,1904999999,1474,3,1477,0,10:54:59,10:55:01
1905000000_1909999999,ef0a3fac,1905000000,1909999999,1745,4,1749,0,10:55:00,10:55:02
1910000000_1914999999,59d574e7,1910000000,1914999999,1617,6,1623,0,10:55:01,10:55:03
1915000000_1919999999,ef0a3fac,1915000000,1919999999,1841,2,1843,0,10:55:02,10:55:04
1920000000_1924999999,59d574e7,1920000000,1924999999,1467,9,1476,0,10:55:03,10:55:04
1925000000_1929999999,ef0a3fac,1925000000,1929999999,1708,7,1715,0,10:55:04,10:55:05
1930000000_1934999999,59d574e7,1930000000,1934999999,1567,1,1568,0,10:55:04,10:55:06
1935000000_1939999999,ef0a3fac,1935000000,1939999999,1794,3,1797,0,10:55:05,10:55:07
1940000000_1944999999,59d574e7,1940000000,1944999999,1661,1,1662,0,10:55:06,10:55:07
1950000000_1954999999,59d574e7,1950000000,1954999999,1534,3,1537,0,10:55:07,10:55:09
1945000000_1949999999,ef0a3fac,1945000000,1949999999,1643,2,1645,0,10:55:07,10:55:09
1955000000_1959999999,59d574e7,1955000000,1959999999,1568,0,1568,0,10:55:09,10:55:10
1960000000_1964999999,ef0a3fac,1960000000,1964999999,1667,2,1669,0,10:55:09,10:55:11
1965000000_1969999999,59d574e7,1965000000,1969999999,1515,3,1518,0,10:55:10,10:55:12
1970000000_1974999999,ef0a3fac,1970000000,1974999999,1689,4,1693,0,10:55:11,10:55:12
1975000000_1979999999,59d574e7,1975000000,1979999999,1446,1,1447,0,10:55:12,10:55:13
1980000000_1984999999,ef0a3fac,1980000000,1984999999,1696,6,1702,0,10:55:12,10:55:14
1985000000_1989999999,59d574e7,1985000000,1989999999,1585,3,1588,0,10:55:13,10:55:15
1990000000_1994999999,ef0a3fac,1990000000,1994999999,1887,4,1891,0,10:55:14,10:55:16
1995000000_1999999999,59d574e7,1995000000,1999999999,1502,6,1508,0,10:55:15,10:55:17
2000000000_2004999999,ef0a3fac,2000000000,2004999999,1713,3,1716,0,10:55:16,10:55:18
2005000000_2009999999,59d574e7,2005000000,2009999999,1499,5,1504,0,10:55:17,10:55:18
2010000000_2014999999,ef0a3fac,2010000000,2014999999,1729,3,1732,0,10:55:18,10:55:19
2015000000_2019999999,59d574e7,2015000000,2019999999,1577,3,1580,0,10:55:18,10:55:20
2020000000_2024999999,ef0a3fac,2020000000,2024999999,1911,1,1912,0,10:55:19,10:55:21
2025000000_2029999999,59d574e7,2025000000,2029999999,1738,1,1739,0,10:55:20,10:55:21
2030000000_2034999999,ef0a3fac,2030000000,2034999999,1805,3,1808,0,10:55:21,10:55:23
2035000000_2039999999,59d574e7,2035000000,2039999999,1707,2,1709,0,10:55:21,10:55:23
2045000000_2049999999,59d574e7,2045000000,2049999999,1692,3,1695,0,10:55:23,10:55:25
2040000000_2044999999,ef0a3fac,2040000000,2044999999,1818,2,1820,0,10:55:23,10:55:25
2050000000_2054999999,59d574e7,2050000000,2054999999,1824,1,1825,0,10:55:25,10:55:27
2055000000_2059999999,ef0a3fac,2055000000,2059999999,1978,3,1981,0,10:55:25,10:55:27
2060000000_2064999999,59d574e7,2060000000,2064999999,1527,3,1530,0,10:55:27,10:55:28
2065000000_2069999999,ef0a3fac,2065000000,2069999999,1725,2,1727,0,10:55:27,10:55:29
2070000000_2074999999,59d574e7,2070000000,2074999999,1648,3,1651,0,10:55:28,10:55:30
2075000000_2079999999,ef0a3fac,2075000000,2079999999,1905,35,1940,0,10:55:29,10:55:30
2080000000_2084999999,59d574e7,2080000000,2084999999,1731,8,1739,0,10:55:30,10:55:32
2085000000_2089999999,ef0a3fac,2085000000,2089999999,1714,4,1718,0,10:55:30,10:55:32
2090000000_2094999999,59d574e7,2090000000,2094999999,1587,4,1591,0,10:55:32,10:55:33
2095000000_2099999999,ef0a3fac,2095000000,2099999999,1734,1,1735,0,10:55:32,10:55:34
2100000000_2104999999,59d574e7,2100000000,2104999999,1530,3,1533,0,10:55:33,10:55:35
2105000000_2109999999,ef0a3fac,2105000000,2109999999,1769,2,1771,0,10:55:34,10:55:36
2110000000_2114999999,59d574e7,2110000000,2114999999,1576,8,1584,0,10:55:35,10:55:36
2115000000_2119999999,ef0a3fac,2115000000,2119999999,1631,3,1634,0,10:55:36,10:55:37
2120000000_2124999999,59d574e7,2120000000,2124999999,1590,4,1594,0,10:55:36,10:55:38
2125000000_2129999999,ef0a3fac,2125000000,2129999999,1623,4,1627,0,10:55:37,10:55:39
2130000000_2134999999,59d574e7,2130000000,2134999999,1606,36,1642,0,10:55:38,10:55:39
2135000000_2139999999,ef0a3fac,2135000000,2139999999,1661,6,1667,0,10:55:39,10:55:41
2140000000_2144999999,59d574e7,2140000000,2144999999,1655,1,1656,0,10:55:39,10:55:41
2145000000_2149999999,ef0a3fac,2145000000,2149999999,1620,3,1623,0,10:55:41,10:55:42
2150000000_2154999999,59d574e7,2150000000,2154999999,1551,3,1554,0,10:55:41,10:55:43
2155000000_2159999999,ef0a3fac,2155000000,2159999999,1598,3,1601,0,10:55:42,10:55:44
2160000000_2164999999,59d574e7,2160000000,2164999999,1576,4,1580,0,10:55:43,10:55:44
2165000000_2169999999,ef0a3fac,2165000000,2169999999,1793,3,1796,0,10:55:44,10:55:46
2170000000_2174999999,59d574e7,2170000000,2174999999,1543,1,1544,0,10:55:44,10:55:46
2175000000_2179999999,ef0a3fac,2175000000,2179999999,1567,2,1569,0,10:55:46,10:55:47
2180000000_2184999999,59d574e7,2180000000,2184999999,1469,1,1470,0,10:55:46,10:55:47
2185000000_2189999999,ef0a3fac,2185000000,2189999999,1544,1,1545,0,10:55:47,10:55:49
2190000000_2194999999,59d574e7,2190000000,2194999999,1495,1,1496,0,10:55:47,10:55:49
2200000000_2204999999,59d574e7,2200000000,2204999999,1541,3,1544,0,10:55:49,10:55:50
2195000000_2199999999,ef0a3fac,2195000000,2199999999,1569,3,1572,0,10:55:49,10:55:50
2205000000_2209999999,59d574e7,2205000000,2209999999,1619,1,1620,0,10:55:50,10:55:52
2210000000_2214999999,ef0a3fac,2210000000,2214999999,1674,4,1678,0,10:55:50,10:55:52
2215000000_2219999999,59d574e7,2215000000,2219999999,1527,1,1528,0,10:55:52,10:55:54
2220000000_2224999999,ef0a3fac,2220000000,2224999999,1537,3,1540,0,10:55:52,10:55:54
2225000000_2229999999,59d574e7,2225000000,2229999999,1480,22,1502,0,10:55:54,10:55:55
2230000000_2234999999,ef0a3fac,2230000000,2234999999,1576,6,1582,0,10:55:54,10:55:55
2235000000_2238976115,59d574e7,2235000000,2238976115,807,2,809,0,10:55:55,10:55:56
